[
{
    "model": "sensor_network.locationmap",
    "pk": 1,
    "fields": {
        "name": "Piso 2 MYS",
        "locations": [
            1,
            2,
            3,
            4
        ]
    }
},
{
    "model": "sensor_network.location",
    "pk": 1,
    "fields": {
        "name": "Pasillo 1",
        "point_1": "10.40904638,-66.8827488",
        "point_2": "10.40904596,-66.88275018",
        "point_3": "10.40912903,-66.88272294",
        "point_4": "10.40904601,-66.88274932",
        "point_5": "10.40904596,-66.88274947",
        "point_6": "10.40925013,-66.88345245",
        "extra_info": "Pasillo de sala de lectura"
    }
},
{
    "model": "sensor_network.location",
    "pk": 2,
    "fields": {
        "name": "Pasillo 2",
        "point_1": "10.40912903,-66.88272294",
        "point_2": "10.40904574,-66.88274954",
        "point_3": "10.40916313,-66.88322324",
        "point_4": "10.40925013,-66.88345245",
        "point_5": "10.40904951,-66.88315433",
        "point_6": "10.40921527,-66.88343114",
        "extra_info": "Pasillo de la oficina profesora"
    }
},
{
    "model": "sensor_network.location",
    "pk": 3,
    "fields": {
        "name": "Oficina Prof. Yudith",
        "point_1": "1",
        "point_2": "1",
        "point_3": "1",
        "point_4": "1",
        "point_5": null,
        "point_6": null,
        "extra_info": ""
    }
},
{
    "model": "sensor_network.location",
    "pk": 4,
    "fields": {
        "name": "Sala de Lectura",
        "point_1": "10.40905711,-66.88276469",
        "point_2": "10.40896981,-66.88273589",
        "point_3": "10.40904676,-66.88274567",
        "point_4": "10.40904609,-66.88275031",
        "point_5": null,
        "point_6": null,
        "extra_info": ""
    }
},
{
    "model": "sensor_network.sensornetwork",
    "pk": 1,
    "fields": {
        "name": "Sensores de situaciones",
        "location_map": 1
    }
},
{
    "model": "sensor_network.basesensor",
    "pk": 1,
    "fields": {
        "sn": 1,
        "iri": "t1",
        "name": "Temperatura 1",
        "measure_type": "S",
        "location": 4,
        "is_moveable": false
    }
},
{
    "model": "sensor_network.basesensor",
    "pk": 2,
    "fields": {
        "sn": 1,
        "iri": "c1",
        "name": "Camara 1",
        "measure_type": "Mu",
        "location": 4,
        "is_moveable": false
    }
},
{
    "model": "sensor_network.basesensor",
    "pk": 3,
    "fields": {
        "sn": 1,
        "iri": "r1",
        "name": "Ruido 1",
        "measure_type": "S",
        "location": 4,
        "is_moveable": false
    }
},
{
    "model": "sensor_network.basesensor",
    "pk": 4,
    "fields": {
        "sn": 1,
        "iri": "h1",
        "name": "Humo 1",
        "measure_type": "S",
        "location": 4,
        "is_moveable": false
    }
},
{
    "model": "sensor_network.basesensor",
    "pk": 5,
    "fields": {
        "sn": 1,
        "iri": "c2",
        "name": "Camara 2",
        "measure_type": "Mu",
        "location": 1,
        "is_moveable": false
    }
},
{
    "model": "sensor_network.basesensor",
    "pk": 6,
    "fields": {
        "sn": 1,
        "iri": "h2",
        "name": "Humo 2",
        "measure_type": "S",
        "location": 1,
        "is_moveable": false
    }
},
{
    "model": "sensor_network.basesensor",
    "pk": 7,
    "fields": {
        "sn": 1,
        "iri": "t2",
        "name": "Temperatura 2",
        "measure_type": "S",
        "location": 1,
        "is_moveable": false
    }
},
{
    "model": "sensor_network.basesensor",
    "pk": 8,
    "fields": {
        "sn": 1,
        "iri": "h3",
        "name": "Humo 3",
        "measure_type": "S",
        "location": 1,
        "is_moveable": false
    }
},
{
    "model": "sensor_network.basesensor",
    "pk": 9,
    "fields": {
        "sn": 1,
        "iri": "c3",
        "name": "Camara 3",
        "measure_type": "Mu",
        "location": 1,
        "is_moveable": false
    }
},
{
    "model": "sensor_network.basesensor",
    "pk": 10,
    "fields": {
        "sn": 1,
        "iri": "c4",
        "name": "Camara 4",
        "measure_type": "Mu",
        "location": 2,
        "is_moveable": false
    }
},
{
    "model": "sensor_network.basesensor",
    "pk": 11,
    "fields": {
        "sn": 1,
        "iri": "h4",
        "name": "Humo 4",
        "measure_type": "S",
        "location": 2,
        "is_moveable": false
    }
},
{
    "model": "sensor_network.basesensor",
    "pk": 12,
    "fields": {
        "sn": 1,
        "iri": "t3",
        "name": "Temperatura 3",
        "measure_type": "S",
        "location": 2,
        "is_moveable": false
    }
},
{
    "model": "sensor_network.basesensor",
    "pk": 13,
    "fields": {
        "sn": 1,
        "iri": "h5",
        "name": "Humo 5",
        "measure_type": "S",
        "location": 2,
        "is_moveable": false
    }
},
{
    "model": "sensor_network.basesensor",
    "pk": 14,
    "fields": {
        "sn": 1,
        "iri": "c5",
        "name": "Camara 5",
        "measure_type": "Mu",
        "location": 2,
        "is_moveable": false
    }
},
{
    "model": "sensor_network.basesensor",
    "pk": 15,
    "fields": {
        "sn": 1,
        "iri": "cel1",
        "name": "Celular Estudiante",
        "measure_type": "C",
        "location": null,
        "is_moveable": true
    }
},
{
    "model": "sensor_network.basesensor",
    "pk": 16,
    "fields": {
        "sn": 1,
        "iri": "cel2",
        "name": "Celular Profesora",
        "measure_type": "C",
        "location": null,
        "is_moveable": true
    }
},
{
    "model": "sensor_network.basesensor",
    "pk": 17,
    "fields": {
        "sn": 1,
        "iri": "rel1",
        "name": "Reloj Inteligente",
        "measure_type": "M",
        "location": null,
        "is_moveable": true
    }
},
{
    "model": "sensor_network.sensor",
    "pk": 1,
    "fields": {}
},
{
    "model": "sensor_network.sensor",
    "pk": 2,
    "fields": {}
},
{
    "model": "sensor_network.sensor",
    "pk": 3,
    "fields": {}
},
{
    "model": "sensor_network.sensor",
    "pk": 4,
    "fields": {}
},
{
    "model": "sensor_network.sensor",
    "pk": 5,
    "fields": {}
},
{
    "model": "sensor_network.sensor",
    "pk": 6,
    "fields": {}
},
{
    "model": "sensor_network.sensor",
    "pk": 7,
    "fields": {}
},
{
    "model": "sensor_network.sensor",
    "pk": 8,
    "fields": {}
},
{
    "model": "sensor_network.sensor",
    "pk": 9,
    "fields": {}
},
{
    "model": "sensor_network.sensor",
    "pk": 10,
    "fields": {}
},
{
    "model": "sensor_network.sensor",
    "pk": 11,
    "fields": {}
},
{
    "model": "sensor_network.sensor",
    "pk": 12,
    "fields": {}
},
{
    "model": "sensor_network.sensor",
    "pk": 13,
    "fields": {}
},
{
    "model": "sensor_network.sensor",
    "pk": 14,
    "fields": {}
},
{
    "model": "sensor_network.sensor",
    "pk": 15,
    "fields": {}
},
{
    "model": "sensor_network.sensor",
    "pk": 16,
    "fields": {}
},
{
    "model": "sensor_network.sensor",
    "pk": 17,
    "fields": {}
},
{
    "model": "sensor_network.event",
    "pk": 1,
    "fields": {
        "created": "2018-10-26T21:20:47.262Z",
        "modified": "2018-10-26T21:20:47.272Z",
        "sn": 1,
        "name": "Humo1",
        "duration": 5,
        "is_complex": false
    }
},
{
    "model": "sensor_network.event",
    "pk": 2,
    "fields": {
        "created": "2018-10-26T21:21:41.599Z",
        "modified": "2018-10-26T21:21:41.606Z",
        "sn": 1,
        "name": "Face_recognition1",
        "duration": 5,
        "is_complex": false
    }
},
{
    "model": "sensor_network.event",
    "pk": 3,
    "fields": {
        "created": "2018-10-26T21:22:42.658Z",
        "modified": "2018-10-26T21:22:42.666Z",
        "sn": 1,
        "name": "Alta_temperatura1",
        "duration": 5,
        "is_complex": false
    }
},
{
    "model": "sensor_network.event",
    "pk": 4,
    "fields": {
        "created": "2018-10-26T21:26:03.947Z",
        "modified": "2018-10-26T21:26:03.955Z",
        "sn": 1,
        "name": "Ruido1",
        "duration": 5,
        "is_complex": false
    }
},
{
    "model": "sensor_network.event",
    "pk": 5,
    "fields": {
        "created": "2018-10-26T21:26:42.648Z",
        "modified": "2018-10-26T21:26:42.655Z",
        "sn": 1,
        "name": "Face_detection2",
        "duration": 5,
        "is_complex": false
    }
},
{
    "model": "sensor_network.event",
    "pk": 6,
    "fields": {
        "created": "2018-10-26T21:27:08.898Z",
        "modified": "2018-10-26T21:27:08.904Z",
        "sn": 1,
        "name": "Humo2",
        "duration": 5,
        "is_complex": false
    }
},
{
    "model": "sensor_network.event",
    "pk": 7,
    "fields": {
        "created": "2018-10-26T21:27:37.637Z",
        "modified": "2018-10-26T21:31:08.286Z",
        "sn": 1,
        "name": "Alta_temperatura2",
        "duration": 5,
        "is_complex": false
    }
},
{
    "model": "sensor_network.event",
    "pk": 8,
    "fields": {
        "created": "2018-10-26T21:28:00.278Z",
        "modified": "2018-10-26T21:28:03.941Z",
        "sn": 1,
        "name": "Humo3",
        "duration": 5,
        "is_complex": false
    }
},
{
    "model": "sensor_network.event",
    "pk": 9,
    "fields": {
        "created": "2018-10-26T21:28:39.869Z",
        "modified": "2018-10-26T21:28:39.876Z",
        "sn": 1,
        "name": "Face_detection3",
        "duration": 5,
        "is_complex": false
    }
},
{
    "model": "sensor_network.event",
    "pk": 10,
    "fields": {
        "created": "2018-10-26T21:29:19.521Z",
        "modified": "2018-10-26T21:29:19.528Z",
        "sn": 1,
        "name": "Face_detection4",
        "duration": 5,
        "is_complex": false
    }
},
{
    "model": "sensor_network.event",
    "pk": 11,
    "fields": {
        "created": "2018-10-26T21:30:07.049Z",
        "modified": "2018-10-26T21:30:07.056Z",
        "sn": 1,
        "name": "Humo4",
        "duration": 5,
        "is_complex": false
    }
},
{
    "model": "sensor_network.event",
    "pk": 12,
    "fields": {
        "created": "2018-10-26T21:30:28.619Z",
        "modified": "2018-10-26T21:31:00.806Z",
        "sn": 1,
        "name": "Alta_temperatura3",
        "duration": 5,
        "is_complex": false
    }
},
{
    "model": "sensor_network.event",
    "pk": 13,
    "fields": {
        "created": "2018-10-26T21:30:46.312Z",
        "modified": "2018-10-26T21:31:27.480Z",
        "sn": 1,
        "name": "Humo5",
        "duration": 5,
        "is_complex": false
    }
},
{
    "model": "sensor_network.event",
    "pk": 14,
    "fields": {
        "created": "2018-10-26T21:31:40.741Z",
        "modified": "2018-10-26T21:31:40.748Z",
        "sn": 1,
        "name": "Face_detection5",
        "duration": 5,
        "is_complex": false
    }
},
{
    "model": "sensor_network.atomicevent",
    "pk": 1,
    "fields": {
        "cause": 4,
        "measure_limit": 0,
        "function": "true"
    }
},
{
    "model": "sensor_network.atomicevent",
    "pk": 2,
    "fields": {
        "cause": 2,
        "measure_limit": 0,
        "function": "true"
    }
},
{
    "model": "sensor_network.atomicevent",
    "pk": 3,
    "fields": {
        "cause": 1,
        "measure_limit": 40,
        "function": "great_than_equal"
    }
},
{
    "model": "sensor_network.atomicevent",
    "pk": 4,
    "fields": {
        "cause": 3,
        "measure_limit": 0,
        "function": "true"
    }
},
{
    "model": "sensor_network.atomicevent",
    "pk": 5,
    "fields": {
        "cause": 5,
        "measure_limit": 0,
        "function": "true"
    }
},
{
    "model": "sensor_network.atomicevent",
    "pk": 6,
    "fields": {
        "cause": 6,
        "measure_limit": 0,
        "function": "true"
    }
},
{
    "model": "sensor_network.atomicevent",
    "pk": 7,
    "fields": {
        "cause": 7,
        "measure_limit": 40,
        "function": "great_than_equal"
    }
},
{
    "model": "sensor_network.atomicevent",
    "pk": 8,
    "fields": {
        "cause": 8,
        "measure_limit": 0,
        "function": "true"
    }
},
{
    "model": "sensor_network.atomicevent",
    "pk": 9,
    "fields": {
        "cause": 9,
        "measure_limit": 0,
        "function": "true"
    }
},
{
    "model": "sensor_network.atomicevent",
    "pk": 10,
    "fields": {
        "cause": 10,
        "measure_limit": 0,
        "function": "true"
    }
},
{
    "model": "sensor_network.atomicevent",
    "pk": 11,
    "fields": {
        "cause": 11,
        "measure_limit": 0,
        "function": "true"
    }
},
{
    "model": "sensor_network.atomicevent",
    "pk": 12,
    "fields": {
        "cause": 12,
        "measure_limit": 40,
        "function": "great_than_equal"
    }
},
{
    "model": "sensor_network.atomicevent",
    "pk": 13,
    "fields": {
        "cause": 13,
        "measure_limit": 0,
        "function": "true"
    }
},
{
    "model": "sensor_network.atomicevent",
    "pk": 14,
    "fields": {
        "cause": 14,
        "measure_limit": 0,
        "function": "true"
    }
}
]
